image,caption
21_cat.jpg,there is a cat that is laying down on a bed with a white sheet in front of it and blue eyes in the background
12_cat.jpg,there is a cat that is laying down on the floor looking at the camera with a surprised look on it's face
15_cat.jpg,this is a close up of a cat with blue eyes and a long whisk on it's face looking at the camera
31_cat.jpg,there is a cat that is sitting on a table with a red and black blanket on it's table cloth on the table
18_cat.jpg,this is a close up of a white cat with blue eyes and long whiskers on it's head looking at the camera
2_cat.jpg,this is a close up of a cat with blue eyes looking at the camera with a serious look on it's face
3_cat.jpg,there is a fluffy white cat with blue eyes laying on a furry blanket and looking at the camera with a sad look on its face
37_cat.jpg,"there is a white kitten that is sitting on top of a scratching scratching scratch scratching, cat scratch scratch, and scratching pads"
10_cat.jpg,this is a close up of a cat with blue eyes looking at the camera with a serious look on its face and face
6_cat.jpg,there is a small kitten that is sitting on top of a scratching scratching post with it's paw on the cat tree
35_cat.jpg,there is a small orange kitten sitting next to a vase with yellow and red flowers in it and a black and white vase behind it
1_cat.jpg,there is a white cat with blue eyes sitting on the grass in front of a fenced in area with trees and bushes
30_cat.jpg,there is a cat that is sitting on the grass by a tree trunk and a log in front of a fenced in area
14_cat.jpg,there is a cat that is sitting on a table with a rope around it's neck and a ball of yarn around its neck
36_cat.jpg,there is a white cat with blue eyes sitting on a black surface and looking at the camera with a serious look on its face
32_cat.jpg,there is a cat that is sitting on a couch with a blue eye on it's face and it is looking at the camera
38_cat.jpg,there is a fluffy white cat with blue eyes sitting on a chair in front of a fire place and looking at the camera
40_cat.jpg,there is a cat that is sitting on the edge of a bathtub next to a vase and a lamp on a table
13_cat.jpg,there is a white cat with blue eyes sitting on a blue blanket looking up at the sky with a bright spot in its eye
16_cat.jpg,there is a cat that is sitting on the floor and looking at the camera with a sad look on its face and eyes
29_cat.jpg,there are four cats sitting on a window sill in front of a potted plant and a houseplant in the background
20_cat.jpg,there is a white cat with blue eyes sitting on a counter next to a faucet and a dishwasher in a bathroom
25_cat.jpg,there is a cat that is sitting on a bed with a tv in the background and a television on the wall behind it
19_cat.jpg,there is a white kitten with blue eyes sitting on a window sill looking at the camera with a blurry window behind it
17_cat.jpg,there is a little girl laying on a blue couch with a cat on her lap and a boy sleeping on the couch behind her
23_cat.jpg,there is a cat that is sitting on a bed with a pink blanket on it's side and it is looking at the camera
9_cat.jpg,there is a white cat with blue eyes sitting on a cat tree looking up at the sky with a paw on it's head
39_cat.jpg,there are two cats sitting on top of a wooden table next to a window with a view of trees outside of the window
8_cat.jpg,there are three white kittens sitting on top of a blue and gold pillow looking up at the camera with a green background
5_cat.jpg,there is a small white kitten sitting on a crocheted blanket with a blue bow tie around it's neck and eyes
24_cat.jpg,there is a white cat with blue eyes laying down on a gray surface and looking at the camera with a sad look on its face
27_cat.jpg,there is a black cat sitting on a red chair in a room with wood flooring and a white refrigerator in the background
28_cat.jpg,there is a cat that is sitting in a chair with hearts on the back of the chair and the cat is looking at the camera
11_cat.jpg,there is a cat that is laying down on top of a wooden box with a fur on it's back and blue eyes
7_cat.jpg,there is a cat that is laying down on the steps of a wooden decking area with it's head on a stuffed animal
22_cat.jpg,there is a cat that is laying down on a bed with a book in front of it and a pillow in the background
4_cat.jpg,there is a cat that is laying on a couch with a red pillow on it's back and a mirror in the background
33_cat.jpg,there is a cat that is sitting on a chair with a flower in it's hair on the back of the chair
26_cat.jpg,there is a white kitten with blue eyes sitting on top of a cat tree and looking at the camera with its paw on the top
34_cat.jpg,this is a close up of a cat with blue eyes looking at the camera with a serious look on it's face
